{
    {"Id153841.1": {"COS_PHI": null, "E_DAY": 1208.7836636249997, "E_INT": 0, "E_INT_N": 0, "E_TOTAL": 5233110.7, "ERROR1": 3601, "F_AC": 50.024, "FT_AC_TOTAL": 15809.91, "I_AC": 0, "I_AC1": 0.49, "I_AC2": 0.486, "I_AC3": 0.5, "I_DC": 0, "OT_AC_TOTAL": 34659.51, "P_AC": 0, "P_AC_N": 0, "P_DC": 0, "Q_AC": 0, "QS_CI": 100, "QS_RX": 1116, "QS_TX": 1116, "R_ISO": 11.400000000000002, "S_AC": 0, "STATE1": 455, "STATE2": 303, "STATE3": 303, "T_WR1": 20.128, "T_WR2": 34.194, "T_WR3": 15.014000000000001, "T_WR4": 24.555999999999997, "U_AC": 352.54200000000003, "U_AC_L1L2": 351.336, "U_AC_L2L3": 350.73799999999994, "U_AC_L3L1": 349.264, "U_DC": 3.6919999999999997}, "number": "number"}
}